Voici les contacts masculin de la liste :
 
1,Taylor,Fahrenbacher,tfahrenbacher0@bloomberg.com,Male,231.168.158.236
3,Eadmund,McGebenay,emcgebenay2@gizmodo.com,Male,75.101.238.35
5,Orlan,Lander,olander4@hud.gov,Male,131.129.77.164
6,Timothy,Berceros,tberceros5@berkeley.edu,Male,113.111.217.116
10,Lyman,Tipping,ltipping9@ucla.edu,Male,179.249.206.116
11,Stanfield,Fessier,sfessiera@weather.com,Male,208.216.63.168
13,Lovell,Broek,lbroekc@hao123.com,Male,187.192.219.191
15,Bil,Menichino,bmenichinoe@cargocollective.com,Male,236.11.80.101
16,Tracey,Vanyushin,tvanyushinf@sogou.com,Male,158.3.255.207
18,Carly,Grigoletti,cgrigolettih@sbwire.com,Male,134.248.13.189
19,Harvey,Eddins,heddinsi@scribd.com,Male,181.247.195.80
20,Edgard,Growy,egrowyj@jigsy.com,Male,51.30.87.11
23,Kienan,Hunton,khuntonm@wp.com,Male,112.193.86.176
26,Lonny,Astle,lastlep@sohu.com,Male,183.89.223.144
31,Javier,Nind,jnindu@delicious.com,Male,85.0.84.163
32,Malvin,Duiguid,mduiguidv@exblog.jp,Male,133.154.24.160
33,Lorry,Trapp,ltrappw@phpbb.com,Male,110.249.56.23
35,Peterus,Ville,pvilley@cornell.edu,Male,173.152.108.27
36,Eli,Benallack,ebenallackz@loc.gov,Male,247.1.11.214
37,Dael,Atmore,datmore10@mashable.com,Male,227.193.77.150
38,Leroi,McGilroy,lmcgilroy11@washingtonpost.com,Male,155.249.170.183
40,Giraldo,Henlon,ghenlon13@slate.com,Male,200.48.241.70
41,Welsh,MacNeil,wmacneil14@cmu.edu,Male,125.191.166.149
42,Neal,Blackborne,nblackborne15@cmu.edu,Male,86.185.140.59
46,Wilt,Sexty,wsexty19@eventbrite.com,Male,4.216.144.196
48,Cameron,Valenti,cvalenti1b@newyorker.com,Male,41.25.246.53
49,Jon,Ivy,jivy1c@elpais.com,Male,125.129.231.224
52,Sauveur,Alfonso,salfonso1f@studiopress.com,Male,87.12.96.236
53,Pavlov,Robertis,probertis1g@reuters.com,Male,3.28.145.4
55,Sully,Polly,spolly1i@bloomberg.com,Male,135.24.147.125
59,Chucho,Torpie,ctorpie1m@ocn.ne.jp,Male,126.108.56.129
60,Carlo,Coper,ccoper1n@illinois.edu,Male,189.122.114.128
63,Somerset,Such,ssuch1q@abc.net.au,Male,171.48.244.19
64,Gabriele,Tredwell,gtredwell1r@squidoo.com,Male,236.130.37.214
66,Clevie,Pelchat,cpelchat1t@baidu.com,Male,93.118.153.62
67,Forest,Sapson,fsapson1u@reference.com,Male,124.22.242.95
68,Allin,Feaveryear,afeaveryear1v@printfriendly.com,Male,171.120.150.12
69,Roi,Rush,rrush1w@ihg.com,Male,86.81.212.76
70,Cully,Van den Hof,cvandenhof1x@furl.net,Male,39.111.8.174
73,Renaldo,Stratton,rstratton20@nba.com,Male,247.163.169.87
74,Chane,Fellgatt,cfellgatt21@cnn.com,Male,246.91.50.49
75,Patton,Theriot,ptheriot22@hud.gov,Male,180.66.34.48
76,Rustin,Straun,rstraun23@acquirethisname.com,Male,208.35.239.10
77,Antin,Sanchez,asanchez24@accuweather.com,Male,19.177.195.192
79,Fredric,Ashman,fashman26@ning.com,Male,90.176.99.15
81,Ernest,Sebborn,esebborn28@devhub.com,Male,76.62.158.118
83,Jamil,Hutfield,jhutfield2a@umich.edu,Male,94.244.41.126
85,Stern,Trowill,strowill2c@google.com.br,Male,128.193.35.192
87,Erastus,Ibbison,eibbison2e@ehow.com,Male,171.132.39.90
91,Webster,Millwater,wmillwater2i@slideshare.net,Male,234.99.104.238
95,Ellery,Dickens,edickens2m@tinypic.com,Male,177.246.247.195
96,Giff,Rahl,grahl2n@state.tx.us,Male,47.25.232.175
97,Bron,Azam,bazam2o@123-reg.co.uk,Male,204.237.49.51
98,Gardie,Novill,gnovill2p@free.fr,Male,99.42.60.190
99,Hillary,Sommerscales,hsommerscales2q@utexas.edu,Male,181.137.234.203
101,Carter,Robbs,crobbs2s@github.com,Male,188.176.139.90
105,Ambrosio,McIllroy,amcillroy2w@technorati.com,Male,13.249.35.3
107,Dylan,Paulusch,dpaulusch2y@privacy.gov.au,Male,180.17.70.156
108,Hendrick,Sawden,hsawden2z@vk.com,Male,20.242.100.79
109,Noe,Petticrow,npetticrow30@cargocollective.com,Male,249.102.251.120
113,Marion,Keast,mkeast34@wikia.com,Male,133.251.158.89
115,Iggie,Waple,iwaple36@vkontakte.ru,Male,28.92.245.255
116,Johannes,Corson,jcorson37@cnbc.com,Male,101.180.62.183
117,Linc,Romagnosi,lromagnosi38@columbia.edu,Male,96.213.187.72
118,Christos,Roaf,croaf39@topsy.com,Male,121.75.203.21
122,Peyton,MacAlister,pmacalister3d@shinystat.com,Male,212.174.253.171
123,Consalve,Chalker,cchalker3e@whitehouse.gov,Male,93.101.111.239
124,Yorke,Voss,yvoss3f@exblog.jp,Male,74.120.30.227
126,Carlin,Edgcombe,cedgcombe3h@google.it,Male,170.100.237.68
129,Antoine,Mutton,amutton3k@technorati.com,Male,12.91.115.18
130,Berky,Sprionghall,bsprionghall3l@dion.ne.jp,Male,29.19.230.198
132,Ewan,Lesurf,elesurf3n@shutterfly.com,Male,230.37.149.104
134,Thane,Middlemass,tmiddlemass3p@goodreads.com,Male,238.173.132.70
135,Emerson,Saunders,esaunders3q@blinklist.com,Male,61.63.3.18
136,Patsy,Giacobini,pgiacobini3r@loc.gov,Male,145.98.150.132
137,Renault,Buxsy,rbuxsy3s@un.org,Male,148.170.185.31
138,Elton,Hulland,ehulland3t@spiegel.de,Male,132.90.160.26
139,Gordon,Wisniewski,gwisniewski3u@newyorker.com,Male,136.105.240.23
141,Raymund,Woltering,rwoltering3w@unblog.fr,Male,65.5.160.47
142,Curr,Hurley,churley3x@aboutads.info,Male,90.207.85.137
143,Daryle,Smallpeice,dsmallpeice3y@hao123.com,Male,147.180.213.64
149,Major,Shrubb,mshrubb44@cafepress.com,Male,114.188.240.143
152,Zared,Alster,zalster47@studiopress.com,Male,18.245.131.79
153,Urbain,Shipston,ushipston48@topsy.com,Male,58.157.226.133
156,Brian,Yanson,byanson4b@tmall.com,Male,167.151.208.4
161,Hi,Neasam,hneasam4g@intel.com,Male,8.41.56.112
162,Ali,Spensly,aspensly4h@1und1.de,Male,215.213.169.170
163,Barty,Spurriar,bspurriar4i@discovery.com,Male,197.142.94.178
166,Claudius,Lammas,clammas4l@un.org,Male,204.105.250.230
169,Nicolis,Surplice,nsurplice4o@bandcamp.com,Male,45.156.59.123
174,Care,Barabich,cbarabich4t@networkadvertising.org,Male,123.190.66.202
175,Hewett,D'Ambrogi,hdambrogi4u@cargocollective.com,Male,26.81.173.178
176,Ahmad,Chanter,achanter4v@sfgate.com,Male,211.119.188.11
178,Tait,Peplaw,tpeplaw4x@ustream.tv,Male,60.214.83.244
180,Field,Trueman,ftrueman4z@phpbb.com,Male,156.29.211.23
181,Charley,Chesterton,cchesterton50@mayoclinic.com,Male,124.235.223.148
182,Matthus,Sutherby,msutherby51@elpais.com,Male,150.210.32.171
185,Jeremy,Woodrough,jwoodrough54@netlog.com,Male,25.151.242.116
186,Pietrek,Beveridge,pbeveridge55@psu.edu,Male,242.139.115.33
188,Corbie,Kinavan,ckinavan57@cnet.com,Male,65.187.72.170
190,Bearnard,Jeakins,bjeakins59@smh.com.au,Male,244.153.158.90
192,Gene,Bamling,gbamling5b@pbs.org,Male,243.28.194.170
195,Neils,Boole,nboole5e@abc.net.au,Male,194.51.149.74
196,Zared,Lenham,zlenham5f@ihg.com,Male,52.126.178.131
197,Woodie,Siebert,wsiebert5g@paypal.com,Male,103.221.49.7
200,Dominik,Slinn,dslinn5j@bloglovin.com,Male,119.96.123.59
201,Lyn,Arents,larents5k@harvard.edu,Male,219.96.116.212
203,Octavius,Espinay,oespinay5m@github.com,Male,228.181.230.199
204,Carroll,Breacher,cbreacher5n@dell.com,Male,106.65.27.176
205,Rees,Kadd,rkadd5o@wiley.com,Male,219.243.190.234
206,Rick,Espina,respina5p@friendfeed.com,Male,205.91.192.43
207,Geoff,Biggins,gbiggins5q@cdc.gov,Male,198.83.108.100
208,Gideon,Kopje,gkopje5r@chicagotribune.com,Male,60.147.195.206
210,Darcy,Wisedale,dwisedale5t@ca.gov,Male,91.94.23.207
211,Alex,Hatherill,ahatherill5u@msu.edu,Male,221.191.181.204
212,Chev,Wensley,cwensley5v@jigsy.com,Male,24.37.233.81
214,Humfrid,Dalbey,hdalbey5x@shutterfly.com,Male,170.238.127.114
215,Aland,Hasely,ahasely5y@springer.com,Male,118.116.185.234
216,Tull,Ahrens,tahrens5z@shop-pro.jp,Male,51.63.239.243
218,Otho,Samter,osamter61@hhs.gov,Male,198.173.54.212
220,Curran,Tolliday,ctolliday63@reddit.com,Male,118.23.190.166
221,Shanan,Ferneley,sferneley64@youtube.com,Male,112.54.188.109
224,Diego,Wantling,dwantling67@usgs.gov,Male,32.113.161.190
230,Marcellus,Bramble,mbramble6d@tuttocitta.it,Male,244.150.219.114
234,Kerwinn,Cosgriff,kcosgriff6h@nyu.edu,Male,144.11.56.194
239,Ulrick,Chifney,uchifney6m@arstechnica.com,Male,155.3.40.126
240,Zachery,Briggs,zbriggs6n@wix.com,Male,127.90.230.94
241,Erik,Luberti,eluberti6o@cloudflare.com,Male,238.181.131.239
243,Ingram,Nosworthy,inosworthy6q@pagesperso-orange.fr,Male,33.127.133.239
244,Rock,McGettrick,rmcgettrick6r@msn.com,Male,184.131.2.178
245,Claudianus,Tuftin,ctuftin6s@yelp.com,Male,6.226.187.82
248,Kit,O'Carney,kocarney6v@gravatar.com,Male,119.77.118.118
249,Olenolin,Rawstorne,orawstorne6w@imdb.com,Male,56.238.242.63
251,Christophe,Verring,cverring6y@dmoz.org,Male,250.121.235.236
253,Matteo,Lackmann,mlackmann70@cisco.com,Male,31.148.111.151
254,Perice,Phizackarley,pphizackarley71@hubpages.com,Male,198.170.200.0
255,Price,O'Hengerty,pohengerty72@theguardian.com,Male,28.235.64.219
258,Colin,Campion,ccampion75@ocn.ne.jp,Male,73.218.196.94
260,Rickard,Spini,rspini77@drupal.org,Male,122.25.142.243
261,Humfrid,Forbear,hforbear78@vistaprint.com,Male,113.79.82.82
262,Logan,Channer,lchanner79@godaddy.com,Male,29.52.161.172
264,Welch,Coghill,wcoghill7b@cam.ac.uk,Male,100.200.132.86
269,Brandyn,Conford,bconford7g@wikimedia.org,Male,11.237.29.45
270,Amory,Hutchings,ahutchings7h@microsoft.com,Male,120.101.130.114
271,Winthrop,Kidner,wkidner7i@loc.gov,Male,75.117.238.59
275,Godfry,Youthed,gyouthed7m@mac.com,Male,238.78.97.21
276,Cob,Dower,cdower7n@fastcompany.com,Male,222.237.139.17
280,Byron,Garard,bgarard7r@wikia.com,Male,50.248.151.68
281,Ara,Van der Merwe,avandermerwe7s@java.com,Male,241.65.17.168
283,Tyson,Edgson,tedgson7u@vk.com,Male,40.204.65.220
284,Cointon,Oles,coles7v@auda.org.au,Male,217.72.220.221
288,Langsdon,Felgate,lfelgate7z@sitemeter.com,Male,158.229.142.218
289,Gawain,Vondrach,gvondrach80@about.com,Male,125.226.151.86
291,Jarib,Arran,jarran82@ustream.tv,Male,76.87.145.156
293,Dwayne,McQuie,dmcquie84@homestead.com,Male,196.40.196.133
294,Paolo,Reinisch,preinisch85@1688.com,Male,220.236.75.6
295,Glendon,Davydoch,gdavydoch86@gravatar.com,Male,183.36.104.148
298,Neel,Roseaman,nroseaman89@webs.com,Male,133.174.241.101
299,Nickola,Woodfield,nwoodfield8a@theguardian.com,Male,106.169.104.132
301,Forest,Pencott,fpencott8c@a8.net,Male,94.217.92.30
302,Aharon,Abba,aabba8d@google.fr,Male,100.150.71.136
304,Cecil,Lambell,clambell8f@mapquest.com,Male,17.41.177.189
305,Rhys,Ibotson,ribotson8g@virginia.edu,Male,24.85.6.21
306,Thor,Conklin,tconklin8h@cocolog-nifty.com,Male,185.232.42.161
307,Donnell,Loughran,dloughran8i@sitemeter.com,Male,81.73.192.99
309,Monte,Alsobrook,malsobrook8k@51.la,Male,148.123.187.243
310,Salomon,Milsted,smilsted8l@fotki.com,Male,93.169.77.207
312,Krishna,Aers,kaers8n@cafepress.com,Male,175.43.84.202
314,Lemar,Freeman,lfreeman8p@bbc.co.uk,Male,61.182.227.107
315,Josiah,McEachern,jmceachern8q@amazon.co.jp,Male,245.38.179.175
317,Irv,Giff,igiff8s@infoseek.co.jp,Male,74.11.165.191
318,Creight,Geeves,cgeeves8t@kickstarter.com,Male,208.13.26.73
319,Jeffry,Greydon,jgreydon8u@simplemachines.org,Male,86.174.19.222
320,Ahmed,Shavel,ashavel8v@360.cn,Male,229.3.167.40
322,Brant,Jahan,bjahan8x@google.com.hk,Male,235.254.115.22
325,Ermanno,Tough,etough90@toplist.cz,Male,252.211.111.248
328,Hieronymus,Cayle,hcayle93@cloudflare.com,Male,182.50.225.138
329,Esme,Rean,erean94@state.tx.us,Male,10.14.122.115
330,Cyrillus,Dominguez,cdominguez95@chicagotribune.com,Male,242.223.47.152
331,Neal,Cortin,ncortin96@scientificamerican.com,Male,103.143.118.13
335,Alonzo,D'Emanuele,ademanuele9a@godaddy.com,Male,243.63.164.72
336,Creighton,Bolduc,cbolduc9b@godaddy.com,Male,131.204.117.244
339,Bowie,Lomansey,blomansey9e@t-online.de,Male,224.181.184.80
340,Shalom,Yglesias,syglesias9f@clickbank.net,Male,56.50.183.52
343,Waring,Schofield,wschofield9i@livejournal.com,Male,41.23.208.6
345,Ezechiel,Petticrew,epetticrew9k@jalbum.net,Male,162.93.217.7
346,Wallis,Prinnett,wprinnett9l@imageshack.us,Male,207.213.116.94
347,Lev,Blakeney,lblakeney9m@cocolog-nifty.com,Male,198.45.27.159
348,Leslie,Grigorushkin,lgrigorushkin9n@statcounter.com,Male,184.28.171.213
349,Pip,Asple,pasple9o@shareasale.com,Male,146.211.19.49
350,Jervis,McAlees,jmcalees9p@webeden.co.uk,Male,209.238.188.127
351,Desi,Slocomb,dslocomb9q@prweb.com,Male,60.160.168.110
352,Marlowe,Royle,mroyle9r@wired.com,Male,22.149.214.212
353,Marcelo,Wolstencroft,mwolstencroft9s@last.fm,Male,115.178.31.182
355,Jaimie,Crosby,jcrosby9u@barnesandnoble.com,Male,12.44.108.88
357,Barclay,Labbati,blabbati9w@mysql.com,Male,237.12.238.215
362,Skylar,Allmen,sallmena1@tripadvisor.com,Male,242.2.151.165
363,Marcello,Stiff,mstiffa2@discuz.net,Male,36.64.25.162
367,Nehemiah,Warwick,nwarwicka6@ocn.ne.jp,Male,153.145.29.180
371,Frazier,Oakenfall,foakenfallaa@blinklist.com,Male,124.164.200.122
372,Harbert,Dorran,hdorranab@huffingtonpost.com,Male,41.83.208.253
375,Galvan,Elsby,gelsbyae@artisteer.com,Male,187.73.164.165
376,Algernon,Christoffersen,achristoffersenaf@mlb.com,Male,86.198.74.127
379,Garreth,Iffe,giffeai@techcrunch.com,Male,160.100.87.97
383,Toiboid,Calderon,tcalderonam@edublogs.org,Male,208.181.188.57
385,Lev,Shaplin,lshaplinao@si.edu,Male,224.191.36.182
387,Oswald,Coatsworth,ocoatsworthaq@freewebs.com,Male,0.92.153.220
388,Berkeley,Farlamb,bfarlambar@51.la,Male,129.188.151.91
389,Kurtis,Rosettini,krosettinias@ibm.com,Male,36.72.222.45
391,Virgilio,Hanselman,vhanselmanau@yellowpages.com,Male,215.100.253.128
392,Zollie,Lerohan,zlerohanav@yolasite.com,Male,11.50.151.98
397,Ruggiero,Cuthbert,rcuthbertb0@shop-pro.jp,Male,232.27.250.203
399,Walton,Kippling,wkipplingb2@japanpost.jp,Male,189.215.158.53
401,Parker,Oneill,poneillb4@webmd.com,Male,152.215.148.233
402,Benedick,Milmo,bmilmob5@theguardian.com,Male,69.159.46.187
405,Ambrosius,Bergstram,abergstramb8@ucoz.com,Male,227.46.74.33
406,Stanton,Luchetti,sluchettib9@msu.edu,Male,5.70.0.90
407,Cheston,Ashness,cashnessba@mozilla.com,Male,5.70.25.50
409,Olvan,Eagar,oeagarbc@vistaprint.com,Male,134.97.149.109
411,Ingrim,Bouchard,ibouchardbe@marketwatch.com,Male,177.80.31.190
412,Travus,Meritt,tmerittbf@globo.com,Male,56.72.56.67
415,Currie,Carr,ccarrbi@sourceforge.net,Male,208.27.101.0
417,Wilden,Nisco,wniscobk@whitehouse.gov,Male,14.252.34.183
420,Obed,Burtonwood,oburtonwoodbn@bbc.co.uk,Male,101.191.218.234
422,Yvon,Vigars,yvigarsbp@histats.com,Male,133.122.127.192
423,Randal,Shelmerdine,rshelmerdinebq@sbwire.com,Male,24.202.249.104
427,Ansell,Learned,alearnedbu@microsoft.com,Male,154.9.84.122
428,Ase,Mutton,amuttonbv@wordpress.com,Male,31.211.175.123
429,King,Roggers,kroggersbw@theatlantic.com,Male,99.215.35.155
430,Lombard,Olennikov,lolennikovbx@wsj.com,Male,20.87.52.99
431,Horst,Sivell,hsivellby@independent.co.uk,Male,36.57.222.68
434,Wakefield,Tutin,wtutinc1@example.com,Male,195.162.58.174
435,Domingo,Darrigoe,ddarrigoec2@state.gov,Male,233.207.211.150
436,Symon,Lamputt,slamputtc3@google.de,Male,38.25.172.184
437,Alejoa,Kalderon,akalderonc4@china.com.cn,Male,135.159.51.187
438,Carey,Sherland,csherlandc5@google.nl,Male,199.104.115.70
439,Vincents,Grange,vgrangec6@mit.edu,Male,166.230.7.179
440,Walden,Wallworth,wwallworthc7@seesaa.net,Male,57.59.254.134
441,Chandler,Yuryatin,cyuryatinc8@google.co.uk,Male,35.117.249.37
443,Abbot,Goodsell,agoodsellca@whitehouse.gov,Male,182.170.109.111
444,Lenard,Pendrid,lpendridcb@i2i.jp,Male,231.101.75.4
446,Gregg,Warton,gwartoncd@phoca.cz,Male,119.239.160.126
448,Alanson,Dinsell,adinsellcf@yolasite.com,Male,113.197.55.100
449,Jameson,Flewan,jflewancg@salon.com,Male,18.249.182.77
457,Burty,Anderl,banderlco@scribd.com,Male,170.255.92.52
458,Waylon,Welden,wweldencp@redcross.org,Male,251.169.251.40
459,Tomas,Gloster,tglostercq@upenn.edu,Male,252.216.134.220
460,Skell,Swash,sswashcr@jigsy.com,Male,35.105.223.62
461,Maximilien,Barlass,mbarlasscs@biglobe.ne.jp,Male,156.193.181.225
463,Richie,Growcott,rgrowcottcu@prweb.com,Male,35.224.212.101
468,Price,Fynan,pfynancz@dailymotion.com,Male,217.188.163.63
470,Boycey,McGlew,bmcglewd1@delicious.com,Male,106.88.117.28
471,Putnam,de Quincey,pdequinceyd2@spiegel.de,Male,254.108.96.168
473,Adriano,Slimming,aslimmingd4@nyu.edu,Male,26.29.19.132
474,Sven,Dodsworth,sdodsworthd5@theglobeandmail.com,Male,105.142.98.21
475,Moses,Conklin,mconklind6@foxnews.com,Male,89.99.45.31
477,Gordon,Lawleff,glawleffd8@flavors.me,Male,165.35.107.186
480,Patin,Rickaby,prickabydb@abc.net.au,Male,79.29.54.24
481,Jeremie,Pessler,jpesslerdc@princeton.edu,Male,121.181.92.193
482,Thornton,Nelthorpe,tnelthorpedd@dailymotion.com,Male,153.99.58.240
483,Chrisse,Wixey,cwixeyde@etsy.com,Male,93.18.207.5
485,Richard,Element,relementdg@usatoday.com,Male,232.190.239.213
487,Sauncho,Bentke,sbentkedi@ted.com,Male,194.24.205.83
490,Bard,Ruffell,bruffelldl@usgs.gov,Male,221.228.75.200
492,Cosme,Laverty,clavertydn@answers.com,Male,98.218.15.101
493,Morey,Keston,mkestondo@discuz.net,Male,205.248.221.81
495,Silvanus,Gerhardt,sgerhardtdq@europa.eu,Male,181.187.177.212
496,Wolfy,Butner,wbutnerdr@ucoz.ru,Male,229.53.50.253
497,Pieter,Beelby,pbeelbyds@noaa.gov,Male,82.79.83.214
500,Isaak,Bust,ibustdv@bloglovin.com,Male,64.232.186.139
502,Alonzo,Cranmor,acranmordx@sfgate.com,Male,249.139.178.193
503,Quinlan,Puckham,qpuckhamdy@techcrunch.com,Male,155.2.178.254
508,Terry,Whitaker,twhitakere3@nba.com,Male,208.87.185.150
510,Lindsay,Conaghy,lconaghye5@ox.ac.uk,Male,92.198.40.237
511,Richie,Rickman,rrickmane6@gmpg.org,Male,217.229.5.114
513,Bob,Ibbitson,bibbitsone8@live.com,Male,84.182.56.1
514,Pepillo,Byart,pbyarte9@myspace.com,Male,145.154.251.2
517,Benedikt,Drewes,bdrewesec@smh.com.au,Male,177.164.226.176
521,Normy,Cassell,ncasselleg@army.mil,Male,64.246.50.36
523,Kenon,Cortez,kcortezei@nih.gov,Male,97.231.87.17
524,Errol,Gurwood,egurwoodej@cornell.edu,Male,131.240.31.154
525,Horatio,Dirkin,hdirkinek@geocities.jp,Male,210.29.211.189
529,Frank,Batchelder,fbatcheldereo@nydailynews.com,Male,132.134.196.240
530,Taber,Buddell,tbuddellep@msn.com,Male,101.207.249.188
531,Kelbee,Bygate,kbygateeq@cloudflare.com,Male,46.31.75.190
532,Pryce,Albro,palbroer@va.gov,Male,23.242.8.139
535,Hilary,Doble,hdobleeu@google.nl,Male,141.49.217.63
539,Jarid,Siggins,jsigginsey@pbs.org,Male,214.168.234.104
541,Hamish,Sandal,hsandalf0@amazon.co.jp,Male,177.81.11.245
544,Renato,Mapes,rmapesf3@infoseek.co.jp,Male,164.216.13.0
545,Darrel,Fullard,dfullardf4@nydailynews.com,Male,91.182.180.183
547,Seward,Leedal,sleedalf6@desdev.cn,Male,39.126.252.105
550,Osmund,Arbor,oarborf9@abc.net.au,Male,241.228.141.193
551,Parry,McMickan,pmcmickanfa@pen.io,Male,64.151.233.196
552,Inglebert,Potts,ipottsfb@aol.com,Male,157.111.166.37
553,Marshall,Shafe,mshafefc@accuweather.com,Male,7.21.44.62
557,Irwinn,Rodbourne,irodbournefg@businesswire.com,Male,127.100.242.65
559,Dimitry,Threlfall,dthrelfallfi@soup.io,Male,165.216.84.139
560,Rand,McKenzie,rmckenziefj@4shared.com,Male,11.129.234.178
565,Kit,Toun,ktounfo@si.edu,Male,167.205.254.180
567,Hermon,Davion,hdavionfq@ning.com,Male,161.99.38.203
568,Loydie,Loddon,lloddonfr@flickr.com,Male,146.208.42.200
569,Gilles,Jephson,gjephsonfs@about.com,Male,201.128.87.248
570,Anders,Glennard,aglennardft@is.gd,Male,198.24.102.8
573,Raff,Milward,rmilwardfw@unc.edu,Male,144.196.203.123
574,Sterling,Smallsman,ssmallsmanfx@thetimes.co.uk,Male,137.41.108.219
577,Frederick,Antonikov,fantonikovg0@sciencedirect.com,Male,49.67.251.220
578,Chance,Kelsey,ckelseyg1@nsw.gov.au,Male,8.192.168.143
583,Smith,Bischoff,sbischoffg6@go.com,Male,236.152.241.116
585,Don,Saintsbury,dsaintsburyg8@yellowpages.com,Male,78.77.100.57
588,Miner,Toppas,mtoppasgb@amazon.de,Male,218.127.253.8
591,Gunter,Coye,gcoyege@tripadvisor.com,Male,37.86.252.142
592,Morse,Meechan,mmeechangf@cam.ac.uk,Male,178.62.93.20
593,Sandro,Braun,sbraungg@wisc.edu,Male,152.242.96.115
594,Cointon,Watson-Brown,cwatsonbrowngh@zimbio.com,Male,5.179.114.179
598,Morten,Sally,msallygl@time.com,Male,130.165.146.122
599,Clayborn,Trubshawe,ctrubshawegm@discuz.net,Male,24.181.120.192
600,Tomas,Peasgood,tpeasgoodgn@youku.com,Male,187.190.200.197
602,Nappie,MacGorman,nmacgormangp@gnu.org,Male,85.219.115.113
604,Arri,Kilduff,akilduffgr@yale.edu,Male,42.219.22.66
605,Palmer,Hickford,phickfordgs@timesonline.co.uk,Male,91.58.153.54
606,Wendall,Sterrie,wsterriegt@nymag.com,Male,81.152.27.183
607,Cross,Bilson,cbilsongu@php.net,Male,126.167.209.194
609,Rickie,McGeechan,rmcgeechangw@fema.gov,Male,109.77.165.235
612,Lauritz,Loughren,lloughrengz@seesaa.net,Male,55.197.104.33
614,Raddy,Pechet,rpecheth1@amazonaws.com,Male,80.131.64.244
618,Seward,Willacot,swillacoth5@vimeo.com,Male,211.196.165.167
620,Roscoe,Hugk,rhugkh7@ca.gov,Male,102.208.65.52
621,Wiatt,Joplin,wjoplinh8@github.io,Male,115.42.190.107
624,Reagen,Budding,rbuddinghb@google.cn,Male,199.219.91.113
625,Richard,Micheu,rmicheuhc@eepurl.com,Male,73.204.67.204
628,Nikolaus,Boddis,nboddishf@cbslocal.com,Male,16.254.75.19
629,Rodolphe,Adney,radneyhg@home.pl,Male,145.78.215.85
630,Adan,Sells,asellshh@whitehouse.gov,Male,163.171.198.174
631,Waiter,Sayward,wsaywardhi@ucoz.ru,Male,50.55.185.180
632,Domenic,Cairns,dcairnshj@wunderground.com,Male,144.144.139.251
634,Wit,Tarquinio,wtarquiniohl@hubpages.com,Male,57.119.41.29
635,Kristos,Crocetto,kcrocettohm@photobucket.com,Male,64.60.128.115
639,Michale,Berzen,mberzenhq@skype.com,Male,6.162.181.156
640,Sanson,Bowdon,sbowdonhr@ox.ac.uk,Male,63.163.110.213
646,Dov,Orys,doryshx@unblog.fr,Male,102.185.86.29
649,Manuel,Abrahams,mabrahamsi0@blogger.com,Male,203.161.167.190
652,John,Ambroziak,jambroziaki3@liveinternet.ru,Male,103.79.72.86
654,Horace,Rivelon,hriveloni5@earthlink.net,Male,27.160.61.150
656,Natal,Croad,ncroadi7@sitemeter.com,Male,70.243.56.139
657,Pryce,Hyndley,phyndleyi8@netlog.com,Male,218.94.142.123
660,Rolando,Dobby,rdobbyib@yellowbook.com,Male,253.182.85.36
662,Sigfrid,Aubry,saubryid@printfriendly.com,Male,134.55.86.108
665,Lucius,Toulmin,ltoulminig@google.com,Male,137.30.59.90
668,Brooke,Bawcock,bbawcockij@scribd.com,Male,11.146.59.94
673,Adam,Davidowich,adavidowichio@ehow.com,Male,81.141.93.243
681,Nickolas,Cretney,ncretneyiw@barnesandnoble.com,Male,8.201.58.154
683,Gayelord,Antoniottii,gantoniottiiiy@europa.eu,Male,190.129.88.175
684,Roberto,Robiot,rrobiotiz@joomla.org,Male,29.168.125.187
685,Brennen,Blazy,bblazyj0@seattletimes.com,Male,183.125.85.87
693,Barri,Fish,bfishj8@studiopress.com,Male,209.192.185.169
694,Ulysses,Brackenbury,ubrackenburyj9@spotify.com,Male,218.97.199.156
697,Matthias,Belsey,mbelseyjc@wufoo.com,Male,211.134.168.78
698,Bryon,Hierro,bhierrojd@wikispaces.com,Male,223.217.207.122
699,Morris,Pellant,mpellantje@blog.com,Male,103.3.54.3
700,Burtie,Orsi,borsijf@comcast.net,Male,156.59.16.19
701,Carlyle,Wakerley,cwakerleyjg@soundcloud.com,Male,90.236.33.30
703,Swen,Besemer,sbesemerji@mail.ru,Male,147.230.186.125
706,Ewell,Kendell,ekendelljl@deliciousdays.com,Male,166.201.222.39
707,Todd,Puttick,tputtickjm@dailymotion.com,Male,227.27.105.155
708,Garik,De Bischop,gdebischopjn@t.co,Male,57.245.178.101
711,Matteo,Old,moldjq@dailymail.co.uk,Male,104.3.6.64
712,Kyle,Durran,kdurranjr@twitter.com,Male,150.159.59.11
715,Samuel,Herreros,sherrerosju@globo.com,Male,58.25.244.52
716,Levon,Meader,lmeaderjv@hp.com,Male,121.216.49.154
717,Wolfie,Matfield,wmatfieldjw@people.com.cn,Male,3.222.70.58
718,Marsh,Spreull,mspreulljx@stumbleupon.com,Male,35.136.116.73
722,Filmer,Indgs,findgsk1@flavors.me,Male,161.100.84.102
724,Kerry,Karpychev,kkarpychevk3@senate.gov,Male,18.9.68.125
725,Murvyn,Danielot,mdanielotk4@reverbnation.com,Male,80.46.90.178
729,Stefan,Jaycocks,sjaycocksk8@usgs.gov,Male,145.231.214.177
730,Hugh,McGunley,hmcgunleyk9@bbc.co.uk,Male,165.134.8.65
731,Horatius,Suero,hsueroka@weebly.com,Male,80.199.166.243
732,Orson,Dunkerly,odunkerlykb@mediafire.com,Male,242.99.112.14
739,Nickolai,Saiens,nsaienski@sciencedirect.com,Male,86.197.59.205
740,Miguel,Crighton,mcrightonkj@scribd.com,Male,110.56.113.240
743,Bern,Simonett,bsimonettkm@stumbleupon.com,Male,177.36.236.24
744,Morey,Van Waadenburg,mvanwaadenburgkn@prnewswire.com,Male,168.135.248.89
745,Berkeley,Robrose,brobroseko@boston.com,Male,104.55.177.123
746,Saunderson,Bolf,sbolfkp@tiny.cc,Male,63.199.27.109
749,Lemmy,Lowseley,llowseleyks@ebay.co.uk,Male,199.75.240.183
751,Pearce,Kenright,pkenrightku@hexun.com,Male,234.254.36.201
755,Loydie,Danell,ldanellky@ted.com,Male,246.249.189.6
757,Christophe,Lambkin,clambkinl0@tinypic.com,Male,15.49.121.221
758,Avictor,Tie,atiel1@cpanel.net,Male,11.43.231.183
761,Lawton,Archibould,larchibouldl4@stumbleupon.com,Male,201.222.113.117
762,Jimmie,Trembey,jtrembeyl5@jiathis.com,Male,53.158.164.111
763,Murdoch,Beveridge,mbeveridgel6@webmd.com,Male,178.12.167.240
769,Micky,Jakuszewski,mjakuszewskilc@discovery.com,Male,93.138.76.160
770,Hillie,Phythean,hphytheanld@google.cn,Male,197.60.85.11
779,Bartie,Ilett,bilettlm@wiley.com,Male,179.40.106.252
780,Rurik,Searston,rsearstonln@i2i.jp,Male,210.233.123.253
781,Jermayne,Burchett,jburchettlo@ihg.com,Male,188.252.16.157
783,Griffin,Jacobsen,gjacobsenlq@oakley.com,Male,188.210.115.145
786,Niven,Van Haeften,nvanhaeftenlt@lulu.com,Male,224.216.198.212
787,Patty,Lomond,plomondlu@deviantart.com,Male,124.112.117.25
788,Jakie,Darnbrook,jdarnbrooklv@squidoo.com,Male,125.152.4.89
790,Maximilien,Ebden,mebdenlx@goo.gl,Male,140.36.45.60
791,Larry,Sturge,lsturgely@mac.com,Male,72.137.224.2
795,Henrik,Skeldon,hskeldonm2@tinypic.com,Male,240.51.140.3
797,Lammond,Wylie,lwyliem4@google.com,Male,137.54.192.12
798,Serge,Myner,smynerm5@cnbc.com,Male,187.132.216.145
800,Brooks,MacGibbon,bmacgibbonm7@accuweather.com,Male,188.170.10.157
801,Chadwick,Battram,cbattramm8@unesco.org,Male,222.229.237.5
802,Maje,Treacy,mtreacym9@independent.co.uk,Male,158.3.14.3
808,Harland,Yanyushkin,hyanyushkinmf@google.ca,Male,150.68.18.192
810,Lynn,Aasaf,laasafmh@is.gd,Male,179.29.81.140
812,Bart,Gheorghe,bgheorghemj@ox.ac.uk,Male,118.255.0.127
816,Westleigh,Gilbert,wgilbertmn@gmpg.org,Male,46.221.136.112
820,Zacharia,Ratazzi,zratazzimr@wufoo.com,Male,161.245.217.147
822,Maxim,Boss,mbossmt@theatlantic.com,Male,173.43.97.148
823,Rossy,Crenage,rcrenagemu@oracle.com,Male,177.201.87.151
824,Corny,Ox,coxmv@cyberchimps.com,Male,171.25.213.219
830,Svend,Bortoluzzi,sbortoluzzin1@soup.io,Male,140.209.42.116
831,Milo,Syphas,msyphasn2@cloudflare.com,Male,132.141.154.250
832,Urbano,Gillam,ugillamn3@google.ca,Male,199.11.45.200
835,Tracie,Mc Dermid,tmcdermidn6@army.mil,Male,145.202.4.223
836,Dario,Gerdes,dgerdesn7@diigo.com,Male,90.230.177.21
838,Matteo,Bowe,mbowen9@psu.edu,Male,17.226.170.174
841,Clemens,Gatley,cgatleync@psu.edu,Male,153.5.139.181
842,Derrek,Guerra,dguerrand@meetup.com,Male,30.94.83.10
843,Bruis,Waliszewski,bwaliszewskine@dmoz.org,Male,77.20.177.226
847,Abba,Badcock,abadcockni@friendfeed.com,Male,164.89.47.153
848,Wilbur,Presswell,wpresswellnj@a8.net,Male,175.247.254.87
849,Carey,Stobbe,cstobbenk@smh.com.au,Male,47.181.181.233
850,Cameron,Panniers,cpanniersnl@symantec.com,Male,72.63.46.37
853,Lyell,McGonagle,lmcgonagleno@deviantart.com,Male,216.10.73.136
854,Jedd,Paradyce,jparadycenp@yellowbook.com,Male,215.153.237.235
857,Shalom,Willman,swillmanns@etsy.com,Male,162.107.96.125
859,Samuele,Jeffels,sjeffelsnu@list-manage.com,Male,100.155.58.51
862,Logan,Jindrak,ljindraknx@shop-pro.jp,Male,231.94.173.32
864,Gael,Kierans,gkieransnz@ucla.edu,Male,227.137.30.159
865,Benjy,Rickaby,brickabyo0@msn.com,Male,219.151.22.76
866,Geoffry,Phillott,gphillotto1@jugem.jp,Male,172.232.209.142
867,Lem,Putman,lputmano2@cloudflare.com,Male,71.116.97.56
868,Sutherland,Mowatt,smowatto3@abc.net.au,Male,85.40.184.148
869,Penny,Labbett,plabbetto4@php.net,Male,139.121.169.207
870,Hugh,O'Kinedy,hokinedyo5@nydailynews.com,Male,58.59.13.13
876,Lannie,Marusyak,lmarusyakob@ucoz.ru,Male,49.250.183.224
877,Ric,Garrett,rgarrettoc@independent.co.uk,Male,191.130.136.202
878,Iain,Millsap,imillsapod@nih.gov,Male,57.219.66.122
885,Herschel,Nast,hnastok@statcounter.com,Male,152.87.155.121
886,Braden,Kleynermans,bkleynermansol@cmu.edu,Male,142.80.250.114
888,Jon,D'Souza,jdsouzaon@toplist.cz,Male,146.50.158.34
892,Orlan,Cockell,ocockellor@example.com,Male,171.18.30.198
893,Goober,Raggatt,graggattos@eventbrite.com,Male,218.134.77.143
894,Adriano,Barz,abarzot@auda.org.au,Male,177.143.5.66
895,Martino,Eliot,meliotou@sphinn.com,Male,156.164.183.72
897,Fulton,Goldsbrough,fgoldsbroughow@army.mil,Male,213.114.85.111
898,Archibold,Szymczyk,aszymczykox@vinaora.com,Male,60.118.24.55
899,Maxie,Weth,mwethoy@tripod.com,Male,56.188.203.223
901,Geno,Hebburn,ghebburnp0@pagesperso-orange.fr,Male,160.83.80.108
905,Pierce,MacConnulty,pmacconnultyp4@mayoclinic.com,Male,176.146.0.247
907,Dick,Cullip,dcullipp6@vkontakte.ru,Male,31.247.193.80
912,Brice,Itskovitz,bitskovitzpb@huffingtonpost.com,Male,96.159.180.120
918,Robby,Exell,rexellph@fema.gov,Male,95.69.206.63
920,Neron,Manwaring,nmanwaringpj@bandcamp.com,Male,90.11.9.178
921,Glenn,Mallam,gmallampk@xinhuanet.com,Male,119.200.20.41
923,Linn,Wills,lwillspm@networksolutions.com,Male,159.223.1.75
924,Siward,Ottawell,sottawellpn@fastcompany.com,Male,115.253.183.178
925,Philbert,Meegin,pmeeginpo@dailymail.co.uk,Male,8.125.39.218
926,Calhoun,Stirrup,cstirruppp@netvibes.com,Male,146.38.82.41
927,Earvin,Lambal,elambalpq@opera.com,Male,231.108.186.139
929,Orson,Trayton,otraytonps@google.it,Male,119.195.80.26
930,Eberto,Red,eredpt@gizmodo.com,Male,89.236.132.232
931,Hunfredo,Orth,horthpu@utexas.edu,Male,156.229.13.37
940,Davin,Carneck,dcarneckq3@acquirethisname.com,Male,76.32.111.25
941,Moore,Cruces,mcrucesq4@china.com.cn,Male,19.151.5.23
942,Osbourn,Salatino,osalatinoq5@cpanel.net,Male,194.56.157.146
944,Morley,Butteris,mbutterisq7@163.com,Male,168.16.212.29
947,Timofei,Goodhall,tgoodhallqa@comsenz.com,Male,166.221.220.134
950,Norby,Dorsey,ndorseyqd@biblegateway.com,Male,173.180.23.248
951,Keary,Opdenorth,kopdenorthqe@umich.edu,Male,114.45.182.53
952,Ludvig,St. Queintain,lstqueintainqf@upenn.edu,Male,0.192.143.113
954,Osmund,Gutsell,ogutsellqh@dropbox.com,Male,27.93.170.135
956,Malachi,Muggeridge,mmuggeridgeqj@hugedomains.com,Male,150.171.123.102
958,Carlie,Birrell,cbirrellql@php.net,Male,107.229.135.128
959,Osmund,Brockway,obrockwayqm@gmpg.org,Male,3.235.28.122
960,Garv,Ivanovic,givanovicqn@imageshack.us,Male,70.235.69.77
964,Cozmo,Trent,ctrentqr@wix.com,Male,240.10.72.86
965,Ethelbert,Skurray,eskurrayqs@columbia.edu,Male,93.33.246.1
973,Forester,Daens,fdaensr0@jugem.jp,Male,178.49.150.24
974,Ruben,Husset,rhussetr1@phpbb.com,Male,48.64.9.206
975,Olvan,Sey,oseyr2@cmu.edu,Male,225.225.242.148
978,Dewitt,Kiffin,dkiffinr5@reference.com,Male,181.165.224.148
981,Pablo,Roocroft,proocroftr8@ucoz.com,Male,17.189.128.108
984,Paxton,Ivanyushin,pivanyushinrb@etsy.com,Male,231.38.80.80
985,Malchy,Meldrum,mmeldrumrc@liveinternet.ru,Male,56.234.81.242
988,Pierson,Simpson,psimpsonrf@businessweek.com,Male,200.82.163.159
989,Skipp,Kuhlen,skuhlenrg@upenn.edu,Male,153.126.244.223
990,Wain,Hubbucke,whubbuckerh@over-blog.com,Male,131.70.54.25
992,Hirsch,Kelloway,hkellowayrj@arstechnica.com,Male,66.184.159.149
993,Filmore,Haggarth,fhaggarthrk@va.gov,Male,151.90.112.65
994,Mayne,Dowman,mdowmanrl@booking.com,Male,149.255.80.139
995,Burty,Goodger,bgoodgerrm@wp.com,Male,91.174.193.211
996,Bret,Veal,bvealrn@ycombinator.com,Male,30.244.54.64
1000,Yul,Dunn,ydunnrr@gizmodo.com,Male,64.148.170.241
